Number One,Number Two,Their GCD,Time Spent (Milliseconds)
372179,466886,1,1.589
268562,473720,2,1.105
201407,851424,1,0.827
865501,343571,1,1.4154
976072,702244,4,3.6106
458469,678500,1,2.7915
57544,153191,1,0.3404
203193,352159,211,1.2309
391077,371438,1,2.1299
10765,682317,1,0.0616
251894,573101,1,1.3124
922156,308126,2,1.2486
305093,633361,1,1.2072
515515,585393,1,2.5036
429017,892927,1,1.7053
340243,726391,1,1.7445
434415,363085,5,1.5506
490356,270876,12,1.081
209856,535946,2,0.8847
68776,582463,1,0.3458
428529,10310,1,0.0408
314903,141789,1,0.5563
759116,835172,4,3.0152
130612,935513,1,0.5214
568546,341455,1,1.3402
891727,953340,1,3.5281
414645,235792,1,0.9996
529060,659902,2,2.5771
217567,85384,1,0.3353
182667,373647,3,0.776
467230,754451,1,1.8699
448245,447180,15,1.7737
185473,91549,1,0.3594
804055,779325,5,3.145
681309,908433,9,2.6873
62392,540148,4,0.2452
953343,155952,27,0.6208
855590,172177,1,0.6767
697738,239396,2,1.0968
265336,955929,1,1.2029
743820,585218,2,2.3524
572252,147540,4,0.5822
433983,951736,1,1.7364
948354,147423,3,0.5793
496423,165203,1,0.6489
813152,705906,2,3.0126
694200,651897,3,2.6429
111870,300088,2,0.4406
626365,241234,1,0.9893
3299,576815,1,0.0173
695816,360566,2,1.7531
907181,331373,1,1.4362
437845,406099,1,1.5934
446489,375046,1,1.4898
358362,779720,2,1.7317
214000,967400,200,0.8793
721891,257798,1,1.0303
139311,287035,1,0.5642
475318,450990,2,2.0475
111715,705915,5,0.4722
102971,567666,11,0.4176
701165,531179,1,2.1015
112293,704497,1,0.4718
17934,29709,3,0.0912
920927,531725,1,2.3746
919230,990332,2,5.0626
553548,104538,6,0.422
126402,959620,2,0.5134
825089,285478,1,1.3369
365438,568171,1,1.5134
570660,112697,1,0.4964
299459,49476,19,0.3075
842456,118265,31,0.6181
738684,408543,3,1.8285
192447,70135,1,0.3046
428847,457923,3,2.1439
518271,888745,13,2.0648
254226,380772,42,1.0151
340300,91801,1,0.3615
605003,130906,1,0.5223
890409,327888,3,1.3276
776818,453033,7,1.7927
592699,693890,1,2.5405
609506,743177,1,2.5024
589215,280888,1,1.114
849743,16963,1,0.0729
291449,345927,1,1.5845
196309,752115,1,0.8566
627024,331568,16,1.3017
431623,317396,1,1.5531
896039,359027,1,2.0243
384884,849012,4,1.8432
225175,277517,1,1.0112
513875,112137,1,0.4403
635664,798259,1,2.5051
599466,713774,2,2.4787
958198,628522,2,2.5851
197581,477364,1,0.7753
134333,453555,1,0.5325
510386,892711,1,2.0065
675788,695631,1,2.6616
593676,926714,2,2.3343
557103,899220,3,2.1907
557742,809121,3,2.201
462926,123753,1,0.7371
133906,135956,82,0.6351
328575,906367,1,1.3014
700860,947153,1,2.8363
653387,960845,31,2.6832
12006,865140,6,0.0481
139479,994860,3,0.5486
242281,26438,1,0.1218
760566,245362,2,0.9754
348355,904303,1,1.3943
559091,981787,1,2.2078
362625,705629,1,1.4292
275845,751215,5,1.1772
245988,23007,3,0.0906
839155,253904,1,0.9969
681798,295573,1,1.3675
936652,800999,1,3.1708
91628,759831,1,0.3597
591289,634013,1,2.3262
51164,850753,1,0.2218
263212,312461,1,1.1723
456929,52799,1,0.223
592884,807485,1,2.5587
355093,796536,1,1.435
869060,288267,1,1.3479
744223,699596,1,2.8332
145174,724672,2,0.5942
732258,554100,6,2.1893
954701,73063,1,0.296
607418,411178,2,1.6751
684040,136066,14,0.5781
279721,416274,1,1.2419
762320,659083,1,3.299
982407,367843,1,1.6125
221085,654987,3,1.2166
591694,528047,1,2.1769
124670,203302,2,0.4904
609951,386411,1,1.5301
809181,599657,1,2.3674
143651,664096,1,0.5636
965308,896442,2,3.5281
448076,493757,1,1.7644
678137,921921,1,3.0726
332689,760453,1,1.6682
567941,930652,1,2.2626
12708,260267,1,0.0634
202944,271540,4,0.8703
437618,70852,2,0.2883
781049,677834,1,2.6886
46765,226104,1,0.1839
810947,392612,1,1.5491
909080,33627,1,0.1329
429570,436132,2,1.7768
502871,259950,1,1.0571
965673,582872,1,2.577
528916,982768,4,2.306
12549,570051,3,0.0497
100272,758297,1,0.3941
17288,314321,1,0.0682
377564,503137,1,1.4847
691031,73215,1,0.2905
607365,222052,1,0.9479
150881,238420,1,0.592
887354,873715,1,3.5723
172389,497778,3,0.6802
459940,609047,1,1.8214
687595,186490,5,0.7863
45473,547556,1,0.1787
895574,889112,2,3.9701
505306,284650,2,1.1458
631770,928346,2,2.4977
921987,766979,1,3.2364
864850,497647,1,1.9639
537328,547278,2,2.1179
922284,73283,1,0.304
641998,613680,2,2.4544
669426,412295,1,1.6924
978237,914135,1,3.6699
54198,649997,1,0.2187
444892,213206,14,0.837
34862,884263,1,0.137
360333,898243,1,1.4323
232676,437583,1,0.9165
979888,608291,1,2.5152
886580,146533,1,0.5963
966455,210111,1,0.8351
953173,189786,1,0.7531
100098,137933,1,0.3939
840654,784091,1,3.2827
124446,863755,1,0.4891
51979,707168,1,0.2157
699175,269971,1,1.0861
814786,551139,1,2.1668
637726,684182,2,2.5057
619558,833732,2,2.5063
698753,916959,1,2.7533
401979,361481,1,1.4181
184950,73171,1,0.298
173991,305698,1,0.8012
237078,729058,2,0.9908
724920,530781,3,2.0943
46127,829599,1,0.1846
844164,765245,1,3.0329
672431,679194,1,2.7206
97896,142719,3,0.409
985601,822178,1,3.2373
567962,583812,2,2.2343
423551,556595,1,2.1264
787264,292640,32,1.1599
546349,507010,1,1.9937
918939,174531,21,0.6847
681874,624825,1,2.456
250390,262233,1,0.9884
218792,259249,1,0.8587
356035,457796,1,1.449
636588,913840,4,2.5078
126562,339014,2,0.5009
866311,43450,1,0.1706
517672,5539,1,0.0219
972945,144099,27,0.7677
444039,945063,3,1.9501
56174,61935,1,0.2207
451752,579925,1,1.7956
627927,897447,3,2.4679
210803,171234,1,0.6762
769198,976239,1,3.0361
240908,876437,1,0.9499
379144,363869,1,1.4494
682284,85684,4,0.3474
78376,460012,4,0.3084
15782,230331,1,0.0621
643746,548422,2,2.4933
312159,497997,3,1.6977
110569,794471,1,0.5976
728521,813245,1,3.9356
464876,179123,1,0.9756
943312,476127,1,2.57
896472,260118,18,1.4096
161831,982999,1,0.869
550315,888180,5,2.9963
51846,68886,6,0.2039
25325,234192,1,0.0996
999938,492339,1,1.9465
440645,312561,1,1.2311
535138,448707,1,1.7952
542743,378194,1,1.4914
472658,581565,1,1.8705
422638,915624,2,1.6632
883000,49566,2,0.1954
129285,244900,5,0.5084
392001,26253,3,0.1033
131340,312742,2,0.5231
883048,185467,1,0.7286
304656,965040,48,1.2018
321058,650788,2,1.3505
834249,786341,1,3.2378
561485,833590,5,2.2084
733275,687214,1,2.7194
576897,302719,1,1.1956
925300,293355,5,1.1582
320458,835435,1,1.2573
42549,305441,1,0.1673
941632,206338,2,0.817
921804,555582,6,2.1853
43487,453052,1,0.1708
972457,879422,1,3.684
886049,954078,1,3.4891
159999,276879,3,0.6466
449645,164653,1,0.6466
424277,719248,1,1.669
164933,921735,1,0.6733
584146,607856,2,2.299
791677,795885,1,3.1975
592127,903636,1,2.4324
71944,70660,4,0.2779
244526,925723,1,0.9634
948122,606475,1,2.4748
377045,518473,1,1.4836
552229,832239,1,2.2056
723767,671905,1,2.6775
294356,513237,1,1.2261
639563,356828,1,1.4033
980368,200000,16,1.2628
978988,845479,1,5.3446
674421,636217,1,2.5053
301296,114698,2,0.5588
922093,873997,1,3.6278
149624,176447,1,0.5876
567708,579652,4,2.2305
172924,342383,1,0.787
769240,279062,2,1.1282
183765,6084,3,0.0241
667591,485437,1,2.4499
696116,457711,1,2.6127
120068,933298,2,0.6829
536176,832116,4,3.1141
801384,263444,4,1.5225
948074,163535,1,0.9133
284688,111725,1,0.6374
781546,258527,1,1.4839
235329,982634,1,1.3494
401094,682227,9,2.3245
581524,300905,1,1.7824
299131,709309,1,1.6756
305697,177746,1,0.6975
909178,830253,1,3.2746
492031,511162,1,1.936
332465,504336,7,1.7485
902406,894456,6,4.7134
926430,844396,2,3.5765
818090,225984,2,0.8886
440643,672205,1,1.7339
371074,442093,1,1.4634
9039,560808,3,0.0358
474621,495830,1,1.8768
415706,914823,1,1.689
414778,747589,1,1.7781
158443,895486,1,0.6217
169516,169108,4,0.6907
774305,475932,1,1.8866
87555,663448,1,0.3439
703505,871076,1,2.8554
554275,715042,1,2.1908
48206,973827,1,0.1893
5412,890755,1,0.0223
300609,511988,1,1.1863
189525,750342,3,0.7446
957228,928408,4,3.8034
825962,391160,2,1.6114
644066,692317,1,2.5351
968472,779533,1,3.153
283452,196217,1,0.8472
313614,777000,42,1.2351
440587,976591,7,1.7456
390288,400437,3,1.5384
266625,157100,25,0.7193
69925,73253,1,0.3197
493246,761843,1,2.1537
179390,219845,5,0.7223
701204,538711,1,2.1676
213673,358055,1,0.8384
688844,333882,2,1.6784
355015,753757,1,2.1697
473113,467854,1,2.039
732069,660958,1,3.0974
619730,934869,1,2.713
636567,773059,1,2.5082
916760,440713,13,1.9014
505570,676914,2,2.0931
41468,724011,1,0.1729
164739,813265,1,0.6594
968192,798065,1,3.4533
564475,914326,1,2.9569
481203,98117,1,0.5791
800440,290859,1,1.7302
170982,906798,138,0.9881
457700,402734,2,2.0697
203195,883470,5,0.9704
347860,616013,1,1.4779
867366,961727,1,3.7301
62230,734898,2,0.2714
97927,955224,1,0.3843
621239,468219,1,2.2086
801619,105862,1,0.4429
992912,270505,1,1.082
681602,791564,2,2.7792
704443,755927,1,2.7964
658456,722400,8,2.5879
493840,636878,2,1.9625
169805,619987,1,0.6664
449609,556430,1,1.8992
961561,647536,1,3.3627
182437,744405,1,0.8319
531404,635915,1,2.1145
226239,472069,13,0.9926
307324,701017,1,1.2994
663435,930690,45,2.6182
950746,320214,2,1.2608
792721,835167,1,3.3232
677574,374522,2,1.6488
89345,587514,1,0.36
27983,489583,1,0.1099
66809,234627,1,0.2802
564326,568794,2,2.243
651770,13749,1,0.0544
76634,202931,1,0.3026
650494,222700,2,0.8761
877236,955220,4,3.5892
470203,139703,1,0.5484
354728,3233,1,0.0135
522479,49725,1,0.1952
227769,60984,3,0.2396
839277,180334,1,0.7139
248325,310717,11,0.9755
771553,51973,1,0.204
802996,475391,1,2.2558
88753,782571,1,0.4692
991856,491895,1,2.7985
439705,894140,5,2.3558
966646,548327,1,2.5683
78911,912937,1,0.31
20502,737206,2,0.0812
12719,925008,7,0.0502
578739,938932,1,2.2836
535848,625142,2,2.2818
979247,968930,1,3.9739
826634,629700,2,2.5621
658723,112340,1,0.4474
457014,257925,3,1.0404
16376,316497,1,0.0648
912701,236969,1,0.9371
694357,872515,1,2.7378
937008,334664,8,1.5486
342050,713561,1,1.4873
196523,72178,1,0.2834
457946,651706,2,1.8091
653798,535846,2,2.3664
359584,274794,2,1.1323
244811,199981,1,0.8017
472204,108759,1,0.5175
660038,533010,2,2.1037
330908,268513,1,1.0536
857470,725203,1,2.9624
583167,555023,1,2.2361
249408,971548,4,0.9845
222829,495292,1,0.8883
208251,666415,1,1.3843
942152,203429,1,0.8397
779191,482078,1,1.9483
48551,929804,1,0.1907
867516,19780,4,0.0788
483005,161491,1,0.6337
362535,102434,1,0.4122
480508,130281,1,0.5193
739357,566094,1,2.4075
685603,591383,1,3.0642
105762,340524,6,0.4155
505192,991261,1,2.0469
815752,326287,1,1.3238
580325,281939,1,1.1798
352454,261895,1,1.0276
866766,429969,3,1.6921
789503,881604,1,3.107
844894,799355,1,3.1857
509912,324900,4,1.2879
424872,931019,1,1.6744
698397,541475,1,2.1311
281809,328479,1,1.276
8889,983345,1,0.0352
517890,812147,1,2.044
483482,35098,2,0.138
228284,216640,4,0.8553
726804,130788,36,0.5136
264273,851166,3,1.0369
892787,638488,1,2.5158
827625,389124,3,1.5561
879970,327254,2,1.2845
599671,971924,1,2.3664
205098,856951,1,0.8102
443757,902765,1,1.8277
716895,490837,1,1.9641
634221,784224,63,2.5031
650978,723064,38,2.5621
193503,572484,3,0.779
238865,848261,43,0.9839
165359,360072,1,0.6607
891062,118026,2,0.4646
294481,225356,1,0.9006
626687,119441,1,0.4781
598889,136232,1,0.545
663734,318246,2,1.2624
156417,272048,1,0.6145
873210,42628,2,0.1683
53335,710866,1,0.2097
756469,216750,1,0.9311
368315,387586,1,1.4454
503648,610441,1,2.0029
720504,301110,6,1.1895
100543,874407,1,0.3947
271396,345755,1,1.0709
57845,270775,5,0.2274
95557,15685,1,0.0622
387173,631585,1,1.5287
724779,351728,1,1.3799
694211,784440,1,2.7401
616762,894929,1,2.4553
715473,713793,3,2.9095
212125,942562,1,0.8327
595884,252600,12,0.9977
352259,610441,1,1.3819
804695,553148,1,2.1803
201793,480517,1,0.7917
797234,961304,2,3.136
254990,750842,2,1.0031
512751,589309,1,2.0217
465480,827123,1,2.047
656241,292194,3,1.1598
562092,587049,3,3.1183
455102,65026,2,0.4774
48723,68106,3,0.3756
698726,813075,1,3.2598
38905,540365,5,0.1531
537339,202022,1,0.793
766797,396049,1,1.5697
556983,855747,9,2.2083
685662,181033,1,0.8852
872663,639415,1,2.5209
261424,254360,8,1.0067
985015,253126,1,0.9979
766526,439231,1,1.737
299908,653491,1,1.1925
337516,408552,4,1.3308
61937,46671,1,0.1834
241760,178861,1,0.7079
45511,411026,1,0.1787
341025,118491,3,0.4658
564660,333854,2,1.3155
544013,179801,1,0.7054
779822,772066,2,3.3097
601749,55906,1,0.2955
870939,193623,3,0.7598
813773,240927,1,0.9555
398272,564380,4,1.5677
475167,747094,1,1.8648
863725,290822,1,1.1451
231301,504946,1,0.9121
663890,21830,10,0.0913
163967,478055,23,0.6484
987220,726972,4,2.8614
475919,543528,1,1.9011
259602,519862,14,1.0249
460701,7403,1,0.0296
241437,212838,3,0.8351
990520,734847,1,2.9366
726989,507236,1,1.9945
426745,884541,1,1.6808
643657,573335,7,2.2545
605016,851010,6,2.3783
464412,80813,1,0.3182
203037,113001,3,0.4436
912807,642752,1,2.5299
491922,94844,2,0.3724
259062,719844,6,1.0163
135188,672487,1,0.5358
170122,377788,2,0.7788
819334,974502,2,3.3495
11981,180938,1,0.0472
879692,916014,22,3.4759
352707,315509,1,1.2518
474121,762181,1,1.9769
463217,834687,1,1.829
254031,636972,3,1.0001
771199,398226,1,1.5864
974160,369711,27,1.6263
459688,382017,1,1.5214
824341,579640,1,2.3005
839935,432903,1,1.7048
990090,73843,1,0.2915
412521,454625,1,1.6446
591153,464545,1,1.8392
622019,145999,1,0.5728
643679,494019,1,1.9443
592104,855254,2,2.3613
869734,786696,2,3.3188
937336,204300,4,0.8121
769316,516277,1,2.0318
791510,511461,1,2.0162
908666,132244,2,0.5192
43699,472931,1,0.1716
114385,896741,1,0.4802
179302,571289,1,0.7109
466853,505541,1,1.8447
329788,657191,1,1.3043
667433,510441,1,2.2278
472072,928483,1,1.8697
977567,289658,1,1.1521
535220,338311,1,1.5663
756353,851993,797,4.0079
956904,979823,13,4.272
422554,801687,1,1.8287
795269,524182,1,2.0738
97517,132951,7,0.3827
259324,566938,2,1.0254
76339,591584,1,0.3053
202160,665142,2,0.7971
323827,794569,1,1.4354
962780,674069,1,2.6613
386911,154722,1,0.6363
649118,906138,2,2.6767
38297,644227,1,0.1505
855154,304783,1,1.2074
926563,859209,1,3.6684
541361,74237,1,0.3045
181694,261219,1,0.721
715260,858800,20,2.8159
803112,189015,3,0.7472
206477,96733,1,0.3903
374431,482219,1,1.75
570450,597878,2,2.4177
994163,542936,1,2.4113
409289,105353,1,0.584
197700,875293,1,1.0072
970712,662290,2,3.0407
536189,188327,1,0.772
588862,779702,2,2.3577
656085,193201,1,0.7728
832422,997878,6,3.3046
521260,657090,10,2.0551
44758,291478,2,0.1768
874166,263777,1,1.1192
520483,827154,1,2.1861
959147,215041,1,0.8793
968320,253302,2,1.0107
870903,788423,1,3.1034
655696,778995,1,2.5882
25366,714243,1,0.1005
512063,898271,1,2.0227
837347,439867,1,1.7945
131928,875593,1,0.5187
768910,848406,2,3.0953
564661,382982,1,1.511
511566,776815,1,2.0129
261395,762929,1,1.0318
7841,967729,1,0.0309
237657,89552,1,0.3516
257640,296503,1,1.013
776444,203710,2,0.8067
353990,203644,14,0.8366
790634,633170,2,2.4939
469134,585703,1,1.8492
842220,349266,6,1.3788
716697,757671,3,2.9041
741449,365387,1,1.4458
413355,324885,15,1.2796
541697,139171,1,0.5616
240028,859736,4,0.9419
462961,474520,1,1.8214
13284,342664,4,0.0531
826861,473529,7,1.8667
761650,652426,2,2.5651
69273,518363,1,0.2756
543342,202032,6,0.8004
750144,467999,1,1.8573
210426,677279,1,0.8435
651406,320912,2,1.3418
389876,469580,4,1.5543
740397,226744,7,0.8965
388024,910129,1,1.5418
597129,686712,39,2.4095
969647,412721,1,1.6346
229142,655094,2,0.9089
900793,225031,1,0.8873
654137,750304,1,2.6639
668626,605213,7,2.8919
430727,202005,1,0.8242
727426,273547,1,1.0899
541638,21130,2,0.0935
246211,460518,1,1.0542
877891,618294,1,2.607
643568,851808,304,2.5393
47433,280782,3,0.1864
697444,695218,2,2.7888
962009,798932,1,3.3765
236078,449531,1,0.927
751256,772206,2,2.9944
190524,636662,2,0.7483
945606,883631,1,3.5059
646791,516957,3,2.0351
629293,416316,1,1.6381
247590,677411,7,0.9733
718293,740248,1,3.2448
534782,301394,2,1.4507
873324,302772,12,1.2027
767244,26003,1,0.1033
489631,681904,1,1.9333
420639,467317,1,1.6611
28915,461285,5,0.1158
90576,21864,24,0.088
633518,919425,1,2.5124
995748,728072,4,2.8677
828942,948606,6,3.3108
101813,461620,1,0.4113
67334,760709,1,0.2646
421131,360814,1,1.4248
106268,364653,31,0.4262
812389,594264,1,2.3872
192481,112223,1,0.4412
197496,657949,1,0.7859
969346,738404,2,2.9164
221454,868074,6,0.8693
354781,418742,1,1.3962
331790,243196,2,0.9736
484958,127512,2,0.5011
137885,607225,5,0.5414
698885,112025,5,0.4718
349891,388104,103,1.38
423778,701473,1,1.6721
699662,425406,2,1.8003
896420,962785,5,3.6011
269733,346790,1,1.0583
222885,128515,5,0.505
808936,490481,1,1.9803
28085,280517,1,0.1107
194363,218241,1,0.7627
318902,462588,2,1.2657
863188,348020,4,1.3652
751589,933816,1,3.0532
167870,947644,2,0.6588
511489,281591,1,1.1223
659995,261737,7,1.03
159544,83472,296,0.3347
45265,489695,5,0.179
519509,13975,1,0.0552
465617,841243,1,1.8376
727972,346820,4,1.3671
460979,418978,1,1.6687
275394,55062,42,0.2169
663033,598821,3,2.3671
124425,580182,3,0.4919
229717,492607,1,0.9077
589025,169840,5,0.7225
208651,547810,1,0.9499
854975,75482,11,0.3851
700859,199566,1,0.8001
656587,456454,1,1.7953
389832,885694,2,1.5325
385540,410388,4,1.5707
520023,951969,3,2.0664
688224,94572,12,0.3801
122853,934839,3,0.4822
440789,916802,1,1.735
479414,751284,2,1.8882
699599,855561,1,2.9292
899806,591415,1,2.3651
517275,80794,1,0.3186
743306,176197,1,0.6914
80713,985019,1,0.3168
57133,190169,1,0.2244
384700,442077,1,1.9364
69608,909916,28,0.3896
672412,587669,1,3.2386
12493,168187,1,0.073
612629,3937,1,0.0232
454283,540533,1,2.6444
317061,720327,3,1.8706
828144,565641,9,2.3391
540077,424904,1,2.0528
845023,209326,83,0.8217
865546,829263,1,3.2695
881938,382329,1,1.527
553214,46085,1,0.1843
949041,442506,3,1.773
536112,474670,2,1.8694
467531,347639,1,1.3747
241647,844038,3,1.0854
324330,267824,38,1.2948
670610,759139,1,2.6884
937569,834709,1,3.2834
906855,596933,1,2.4458
984439,90372,1,0.4479
335113,7256,1,0.0287
222452,759701,1,0.8853
824158,752931,1,2.9616
267541,298938,1,1.1776
898546,647410,2,2.5561
632780,439999,1,1.7312
896428,932685,13,3.5279
8221,931368,1,0.0324
296065,250859,7,0.9846
83726,87692,2,0.3289
786468,907346,2,3.1007
988383,279941,1,1.1048
537173,119792,1,0.4703
80340,126396,12,0.3163
224576,600357,1,1.0297
641220,352287,3,1.3921
262710,97262,2,0.3944
103403,676225,1,0.406
171232,804980,4,0.672
92864,111034,2,0.3647
6290,325489,37,0.025
13388,84207,1,0.0527
451984,686315,1,1.7798
138083,856383,11,0.547
414865,956829,1,1.6278
897879,458838,3,1.8043
210647,383484,1,0.8306
704995,200080,205,0.7956
204353,312276,1,0.8206
701692,377703,1,1.4823
958907,348322,1,1.3774
161748,990364,4,0.6349
857135,723912,1,2.9103
687723,577990,23,2.2793
237324,987491,1,0.9312
244686,623697,3,0.9655
112488,178402,2,0.4424
831234,697687,1,2.7465
825470,455631,1,1.8156
755129,551872,1,2.2174
151734,994868,2,0.5972
66092,118168,4,0.4244
130443,599475,3,0.7299
441891,740536,1,2.0075
380983,112932,1,0.4432
611705,356517,1,1.427
806125,389814,1,1.5293
351662,758305,1,1.3853
729066,502432,2,1.9774
255293,343846,1,1.0082
137329,883463,1,0.5404
948790,978716,2,3.8338
929001,406314,3,1.7204
117417,904012,1,0.4869
143502,635721,3,0.5633
518215,957388,1,2.0412
26607,28806,3,0.1048
352729,646404,1,1.3887
850315,285314,1,1.1556
886172,854938,14,3.3666
693469,123664,1,0.4853
895687,363243,1,1.43
49826,148708,14,0.1956
264362,142440,2,0.5592
209027,62264,1,0.2445
568881,889996,1,2.6975
980411,849765,1,3.3539
908905,282438,17,1.1136
980402,348867,1,1.3687
534224,329068,4,1.2962
920810,273376,2,1.0736
817370,481128,2,1.8942
308119,689339,7,1.2135
390829,364953,1,1.437
546681,504469,1,3.2947
412882,460659,1,2.3099
335604,838959,3,1.6913
410312,798983,17,2.1791
367196,7770,2,0.0417
862811,462277,1,2.4519
655905,306504,3,1.7165
17999,120048,41,0.1215
297252,460486,2,1.7712
476488,489603,1,2.905
478209,590166,3,2.4023
853673,512253,1,2.0199
978019,366711,1,1.4432
724310,391871,1,1.5419
966563,885795,1,3.4815
885684,739751,1,3.4817
246722,843912,2,0.9826
245256,708538,2,1.0829
766382,419328,2,1.8947
895674,24185,1,0.0956
617206,7980,2,0.0316
202912,849869,1,0.8014
416463,645378,3,1.6445
752968,442866,2,1.7479
518684,178959,1,0.7564
837486,734357,13,2.9538
213632,841474,2,0.8456
836166,738777,3,3.8826
714554,82958,2,0.4495
509931,443442,3,2.2676
562353,609796,11,2.3895
345704,721775,1,1.364
174154,856341,1,0.6837
483638,135935,1,0.5542
731235,297608,1,1.1949
427365,560483,1,1.7114
514811,778920,1,2.7617
259762,521648,2,1.0193
295488,862378,2,1.1729
492455,312941,1,1.2325
796218,603483,3,2.4593
449972,210497,1,0.8268
927119,948789,1,3.6519
866742,272549,1,1.0751
999566,190983,1,0.7635
487823,292028,1,1.1526
805023,919333,23,3.3074
212292,952986,6,0.8392
531121,698431,1,2.0893
19872,573324,12,0.0794
183315,256455,15,0.7198
663824,870995,1,2.6233
142444,173620,4,0.5696
488014,577145,1,1.9266
906831,24115,1,0.0955
792720,445523,1,1.7562
907079,65679,1,0.2579
956626,356004,22,1.8725
571080,872355,15,2.9265
923820,869049,3,3.4435
880771,97690,1,0.3836
360497,536593,1,1.428
254859,289426,1,1.2032
613113,161660,1,0.6614
157491,446875,1,0.685
600182,741771,1,2.4768
924361,310479,1,2.5488
569988,247334,2,1.5004
819545,905211,1,3.2389
267671,215732,1,1.1463
392891,493858,1,2.2459
382203,683654,1,2.0011
50734,81023,1,0.1995
54956,188705,11,0.216
882418,683407,1,2.7519
503108,651140,4,2.0932
138201,478252,1,0.5518
197004,958039,1,0.7796
308793,401182,1,1.2209
515240,585684,44,2.0281
319611,744170,1,1.2936
582255,904381,19,2.2985
424010,889958,2,1.664
63646,135209,1,0.2556
320650,164067,1,0.6594
11035,705748,1,0.0435
73095,734114,1,0.3013
383502,697247,1,1.5156
753168,55801,1,0.2214
403119,794237,1,1.8731
28483,159555,1,0.1246
442274,160652,2,0.6306
323946,772508,2,1.3
731553,234085,1,0.9456
198669,493455,3,0.7862
491009,879396,1,1.9326
648006,109128,6,0.4391
326420,731188,4,1.3442
523402,407034,2,1.6009
213451,624830,1,0.8409
758210,982803,1,3.1309
234603,259627,1,1.1618
977387,394256,1,1.8959
842264,955234,2,3.6971
905540,152117,1,0.6797
400944,294396,12,1.2797
78286,578367,1,0.3179
913602,922130,2,3.9792
396047,736581,1,1.733
498919,961798,1,2.2442
66404,605160,4,0.7005
793806,910698,6,3.5679
13969,961798,1,0.0551
635292,182176,4,0.7156
804584,233184,8,0.9563
405091,667606,1,1.5995
339335,125115,5,0.4979
34167,117650,1,0.1343
814403,660972,1,2.5971
673225,802839,1,2.6568
944869,229383,1,0.909
345657,411989,1,3.02
287283,981045,129,1.7196
973564,640942,2,3.7355
819976,750532,4,4.4083
861948,34868,92,0.2082
693505,360834,1,2.0511
599756,335768,4,1.3392
53081,94026,1,0.2087
37771,516590,1,0.1542
202172,889886,2,1.6944
438793,402057,1,1.6761
429954,470407,7,1.7138
792772,514710,2,2.3824
939429,965006,1,4.297
479246,80579,1,0.3164
675787,619122,7,2.4534
642616,944524,4,2.7879
512276,908294,2,3.1048
517931,151682,1,0.6253
929326,223947,1,0.926
872132,376756,4,1.5025
559418,28560,2,0.1123
959418,28995,3,0.1149
567338,693730,2,2.4567
319505,510843,1,1.2878
560714,288828,2,1.3476
856725,267585,15,1.1897
613764,818345,1,3.0042
569885,965413,1,3.3411
166652,671049,1,0.9549
104111,895274,1,0.5826
684854,822076,2,3.7345
313875,987864,3,1.3332
508222,539399,1,1.9991
947457,952699,1,4.3602
726415,908403,1,3.1296
970562,113212,2,0.594
693419,696437,1,4.184
862880,443007,1,1.9125
854855,727929,1,3.3025
140157,485761,1,0.7839
